Volume,Canonical Title,Permanent Responsibility,Status
V01,Creative Intelligence Foundation,Application boundary sessions context prompt governance,Complete
V02,Knowledge Capture & Organizational Memory,Governed organizational memory,Complete
V03,Reasoning Insight & Decision Intelligence,Evidence-backed decision advisory,Complete
V04,Adaptive Intelligence Agents & Plugin Orchestration,Governed adaptive collaboration,Complete
V05,Unassigned,No canonical artifact or authority,Identifier Gap
V06,Unassigned,No canonical artifact or authority,Identifier Gap
V07,Unassigned,No canonical artifact or authority,Identifier Gap
V08,Organizational Communication & Collaboration Intelligence,Communication intelligence,Complete with LCO pending
V09,Automation Workflow & Intelligent Execution,Execution advisory and handoff,Complete with LCO pending
V10,Knowledge Discovery & Enterprise Search,Governed enterprise discovery,Complete with LCO pending
V11,Executive Awareness Strategy & Organizational Command,Executive awareness,Complete
V12,Trust Reliability & Execution Assurance,Outcome assurance,Complete
V13,Continuous Organizational Learning & Improvement Intelligence,Governed organizational learning,Complete
V14,Policy Intelligence Governance Advisory & Compliance Reasoning,Governance interpretation advisory,Complete
V15,Cross-Application Context Assembly & Enterprise Synthesis,Traceable context assembly,Complete
V16,Intelligence Quality Evaluation & Model Governance,AI output evaluation governance,Complete
V17,Application Integration Responsibility Closure & Production Readiness,Closure evidence and recommendation,Closure Candidate

